{"Afghanistan": 23.228346456692915, "Albania": 43.7007874015748, "Algeria": 5.511811023622047, "American Samoa": 44.09448818897638, "Andorra": 67.32283464566929, "Angola": 40.15748031496063, "Antigua and Barbuda": 16.141732283464567, "Argentina": 21.653543307086615, "Armenia": 51.181102362204726, "Aruba": 30.708661417322837, "Australia": 44.48818897637795, "Austria": 75.19685039370079, "Azerbaijan": 84.25196850393701, "Bahamas, The": 65.35433070866141, "Bahrain": 98.03149606299213, "Bangladesh": 54.7244094488189, "Barbados": 58.26771653543307, "Belarus": 87.4015748031496, "Belgium": 38.976377952755904, "Belize": 14.173228346456693, "Benin": 7.086614173228346, "Bermuda": 60.629921259842526, "Bhutan": 97.24409448818898, "Bolivia": 29.92125984251969, "Bosnia and Herzegovina": 36.61417322834646, "Botswana": 20.078740157480315, "Brazil": 18.11023622047244, "British Virgin Islands": 50.0, "Brunei Darussalam": 34.25196850393701, "Bulgaria": 81.88976377952756, "Burkina Faso": 19.291338582677163, "Burundi": 4.330708661417323, "Cabo Verde": 99.60629921259843, "Cambodia": 43.30708661417323, "Cameroon": 33.85826771653544, "Canada": 60.23622047244095, "Cayman Islands": 45.2755905511811, "Central African Republic": 49.21259842519685, "Chad": 13.779527559055119, "Chile": 85.8267716535433, "China": 95.2755905511811, "Colombia": 36.22047244094488, "Comoros": 12.204724409448819, "Congo, Dem. Rep.": 31.496062992125985, "Congo, Rep.": 53.937007874015755, "Costa Rica": 45.66929133858268, "Cote d'Ivoire": 3.937007874015748, "Croatia": 76.37795275590551, "Cuba": 95.66929133858267, "Curacao": 2.3622047244094486, "Cyprus": 89.37007874015748, "Czechia": 71.65354330708661, "Denmark": 90.94488188976378, "Djibouti": 2.7559055118110236, "Dominica": 31.88976377952756, "Dominican Republic": 96.45669291338582, "Ecuador": 83.46456692913385, "Egypt, Arab Rep.": 1.1811023622047243, "El Salvador": 18.503937007874015, "Equatorial Guinea": 37.40157480314961, "Eritrea": 24.015748031496063, "Estonia": 74.80314960629921, "Eswatini": 80.70866141732283, "Ethiopia": 41.338582677165356, "Faroe Islands": 1.574803149606299, "Fiji": 90.5511811023622, "Finland": 79.92125984251969, "France": 89.76377952755905, "French Polynesia": 87.79527559055119, "Gabon": 57.08661417322835, "Gambia, The": 7.480314960629922, "Georgia": 71.25984251968504, "Germany": 72.83464566929135, "Ghana": 9.05511811023622, "Greece": 92.51968503937007, "Greenland": 0.39370078740157477, "Grenada": 64.56692913385827, "Guam": 65.74803149606299, "Guatemala": 7.874015748031496, "Guinea": 27.95275590551181, "Guinea-Bissau": 35.039370078740156, "Guyana": 57.874015748031496, "Haiti": 51.574803149606296, "Honduras": 38.582677165354326, "Hungary": 90.15748031496062, "Iceland": 91.33858267716536, "India": 88.18897637795276, "Indonesia": 6.692913385826772, "Iran, Islamic Rep.": 80.31496062992126, "Iraq": 33.46456692913386, "Ireland": 98.81889763779527, "Isle of Man": 46.8503937007874, "Israel": 94.48818897637796, "Italy": 92.91338582677166, "Jamaica": 72.44094488188976, "Japan": 59.055118110236215, "Jordan": 10.62992125984252, "Kazakhstan": 11.023622047244094, "Kenya": 62.99212598425197, "Kiribati": 14.960629921259844, "Korea, Dem. People's Rep.": 20.47244094488189, "Korea, Rep.": 48.031496062992126, "Kuwait": 5.118110236220472, "Kyrgyz Republic": 75.98425196850394, "Lao PDR": 40.94488188976378, "Latvia": 77.16535433070865, "Lebanon": 47.24409448818898, "Lesotho": 11.811023622047244, "Liberia": 35.43307086614173, "Libya": 1.968503937007874, "Liechtenstein": 81.10236220472441, "Lithuania": 85.03937007874016, "Luxembourg": 67.71653543307087, "Madagascar": 27.559055118110237, "Malawi": 8.661417322834646, "Malaysia": 32.28346456692913, "Maldives": 34.645669291338585, "Mali": 53.54330708661418, "Malta": 10.236220472440944, "Marshall Islands": 63.77952755905512, "Mauritania": 3.149606299212598, "Mauritius": 73.22834645669292, "Mexico": 39.37007874015748, "Micronesia, Fed. Sts.": 70.07874015748031, "Moldova": 86.22047244094489, "Mongolia": 46.06299212598425, "Montenegro": 63.38582677165354, "Morocco": 69.68503937007874, "Mozambique": 25.590551181102363, "Myanmar": 9.84251968503937, "Namibia": 13.385826771653544, "Nepal": 76.77165354330708, "Netherlands": 83.07086614173228, "New Caledonia": 73.62204724409449, "New Zealand": 87.00787401574803, "Nicaragua": 5.905511811023622, "Niger": 3.543307086614173, "Nigeria": 22.440944881889763, "North Macedonia": 83.85826771653542, "Northern Mariana Islands": 32.677165354330704, "Norway": 58.661417322834644, "Oman": 0.7874015748031495, "Pakistan": 100.0, "Palau": 82.28346456692913, "Panama": 35.826771653543304, "Papua New Guinea": 56.2992125984252, "Paraguay": 12.992125984251967, "Peru": 44.881889763779526, "Philippines": 21.25984251968504, "Poland": 79.52755905511812, "Portugal": 38.188976377952756, "Puerto Rico": 98.4251968503937, "Romania": 62.20472440944882, "Russian Federation": 68.11023622047244, "Rwanda": 12.598425196850393, "Samoa": 39.76377952755906, "San Marino": 59.84251968503938, "Sao Tome and Principe": 55.118110236220474, "Saudi Arabia": 4.724409448818897, "Senegal": 28.346456692913385, "Serbia": 66.53543307086615, "Seychelles": 61.811023622047244, "Sierra Leone": 22.04724409448819, "Singapore": 94.88188976377953, "Slovak Republic": 64.1732283464567, "Slovenia": 81.49606299212599, "Solomon Islands": 56.69291338582677, "Somalia": 11.41732283464567, "South Africa": 41.732283464566926, "Spain": 96.06299212598425, "Sri Lanka": 14.566929133858267, "St. Kitts and Nevis": 64.96062992125984, "St. Lucia": 50.78740157480315, "St. Vincent and the Grenadines": 82.67716535433071, "Sudan": 20.866141732283463, "Suriname": 57.48031496062992, "Sweden": 69.29133858267717, "Switzerland": 85.43307086614173, "Syrian Arab Republic": 94.09448818897637, "Tajikistan": 37.00787401574803, "Tanzania": 18.89763779527559, "Thailand": 48.818897637795274, "Timor-Leste": 46.45669291338583, "Togo": 17.716535433070867, "Tonga": 55.51181102362205, "Trinidad and Tobago": 42.91338582677165, "Tunisia": 74.40944881889764, "Turkiye": 79.13385826771653, "Turkmenistan": 51.96850393700787, "Turks and Caicos Islands": 54.330708661417326, "Tuvalu": 61.417322834645674, "Uganda": 8.267716535433072, "Ukraine": 75.59055118110236, "United Arab Emirates": 96.8503937007874, "United Kingdom": 88.9763779527559, "United States": 70.47244094488188, "Uruguay": 99.21259842519686, "Uzbekistan": 91.73228346456693, "Vanuatu": 62.59842519685039, "Venezuela, RB": 24.409448818897637, "Vietnam": 97.63779527559055, "Virgin Islands (U.S.)": 6.299212598425196, "West Bank and Gaza": 22.83464566929134, "Yemen, Rep.": 9.448818897637794, "Zambia": 52.362204724409445, "Zimbabwe": 40.55118110236221, "Africa Eastern and Southern": 33.07086614173229, "Africa Western and Central": 24.803149606299215, "Arab World": 15.748031496062993, "Caribbean small states": 53.14960629921261, "Central Europe and the Baltics": 84.64566929133859, "Early-demographic dividend": 19.68503937007874, "East Asia & Pacific": 55.90551181102362, "East Asia & Pacific (excluding high income)": 59.4488188976378, "East Asia & Pacific (IDA & IBRD countries)": 61.023622047244096, "Euro area": 92.1259842519685, "Europe & Central Asia": 70.86614173228347, "Europe & Central Asia (excluding high income)": 68.50393700787401, "Europe & Central Asia (IDA & IBRD countries)": 68.89763779527559, "European Union": 88.58267716535433, "Fragile and conflict affected situations": 23.62204724409449, "Heavily indebted poor countries (HIPC)": 27.165354330708663, "High income": 74.01574803149606, "IBRD only": 86.61417322834646, "IDA & IBRD total": 77.55905511811024, "IDA blend": 16.535433070866144, "IDA only": 16.92913385826772, "IDA total": 17.322834645669293, "Late-demographic dividend": 52.75590551181102, "Latin America & Caribbean": 26.37795275590551, "Latin America & Caribbean (excluding high income)": 25.196850393700785, "Latin America & the Caribbean (IDA & IBRD countries)": 25.984251968503933,